John,John,Ward,8789882055,39041,Mumbai,208
Glenda,Glenda,Mcgibbon,8094040266,40537,Mumbai,362
Paul,Paul,Porter,8165458139,42608,Vidyavihar,197
Mario,Mario,Fuller,9862171460,35467,Vidyavihar,133
Evelyn,Evelyn,Willis,9852718005,36889,Pune,293
Belinda,Belinda,Stilwell,8997505911,43106,Vidyavihar,109
Robert,Robert,Murphy,9131407654,37622,Vidyavihar,179
Scott,Scott,Mack,9299527267,37124,Vidyavihar,353
Vincent,Vincent,Perez,8026040016,43046,Pune,211
Jane,Jane,Russell,8787481911,33718,Airoli,336
Cedric,Cedric,Estrada,9750951253,34585,Vidyavihar,482
Judith,Judith,Soria,8241681820,39021,Mumbai,188
Raymond,Raymond,Fee,8680012978,35532,Airoli,379
William,William,Verstraete,8450047710,40781,Pune,325
Dominic,Dominic,Gossard,9334419159,39292,Vidyavihar,324
Sara,Sara,Pommer,9761812777,34134,Vidyavihar,147
Leo,Leo,Hodges,9775278498,36935,Mumbai,493
Juliette,Juliette,Jimenez,9399074915,39606,Vidyavihar,317
Joshua,Joshua,August,9701458052,42124,Vidyavihar,387
Sam,Sam,Ybarra,8260091455,37508,Mumbai,220
Michael,Michael,Burton,8151969553,42796,Vidyavihar,286
Ramon,Ramon,Velez,9461586626,39107,Pune,335
Jacqueline,Jacqueline,Smith,9520733373,33573,Airoli,121
Joseph,Joseph,Marshall,9620176589,38399,Airoli,391
Armando,Armando,Zimmer,8566478048,39054,Vidyavihar,211
Patricia,Patricia,Tinsley,9377090629,34061,Pune,318
Shari,Shari,Mcintyre,9110610606,35458,Mumbai,257
Mark,Mark,Veal,8667700190,37290,Vidyavihar,398
Vivian,Vivian,Williams,8394506922,34465,Pune,439
Lela,Lela,Hudson,8119835565,42542,Pune,276
Delisa,Delisa,Upchurch,9011114581,37201,Mumbai,187
Aline,Aline,Cain,8143901545,33867,Pune,463
Debra,Debra,Ortiz,9901408182,40831,Vidyavihar,102
Lisa,Lisa,Maditz,8958022247,34477,Airoli,198
Maryjane,Maryjane,Livingston,9021257970,42753,Pune,145
Ashley,Ashley,Harewood,8612521064,35121,Airoli,423
Rose,Rose,Wolfe,9775787216,42816,Mumbai,474
Hugh,Hugh,Watson,8183374468,38338,Pune,321
Victor,Victor,Heinlein,9777134475,37910,Pune,427
Kenneth,Kenneth,Delacruz,8995039836,35140,Mumbai,235
Barbara,Barbara,Mayo,9961398802,39441,Airoli,393
Timothy,Timothy,Ratliff,9309008446,38380,Vidyavihar,107
Harvey,Harvey,Blair,9596726907,41059,Pune,401
Helen,Helen,Martin,8783457869,38057,Pune,423
Calvin,Calvin,Quick,9298554699,37673,Vidyavihar,428
David,David,Hicks,9246901611,36920,Pune,319
Rex,Rex,Rasmussen,9730223347,40932,Mumbai,276
Kristin,Kristin,Curry,8431903449,37668,Pune,129
Craig,Craig,Hamilton,8354670382,34611,Mumbai,147
Tamra,Tamra,Virgilio,8365586861,42688,Pune,356
Doris,Doris,Warren,9795622854,41537,Vidyavihar,197
Laura,Laura,Scoville,8141561610,39405,Airoli,299
Nichelle,Nichelle,Burlock,9653108700,40313,Airoli,412
Elwood,Elwood,Duffy,8757156367,40379,Pune,405
Heriberto,Heriberto,Mccoy,8104666319,40958,Pune,148
Shannon,Shannon,Roehm,9162860216,33562,Pune,370
Victoria,Victoria,Surano,9200533440,36407,Airoli,182
Christina,Christina,Hamm,8996075726,39757,Airoli,234
Boyd,Boyd,Ray,9704788824,36417,Airoli,104
Bette,Bette,Croes,9305591592,38254,Vidyavihar,229
Suzanne,Suzanne,Maynard,8585363573,41958,Vidyavihar,207
Edward,Edward,Liebl,9541855009,41920,Airoli,285
Janet,Janet,Kazunas,9870908200,42253,Vidyavihar,158
Aaron,Aaron,Collingwood,8825509428,35836,Airoli,149
Annie,Annie,Doubet,8471728929,33951,Vidyavihar,244
Claude,Claude,Way,8265309589,35381,Airoli,286
Anna,Anna,Perez,9847640777,35162,Vidyavihar,116
Mary,Mary,Ginn,9228617325,42483,Pune,155
Kim,Kim,Thomas,9779992812,36218,Vidyavihar,235
Mildred,Mildred,Montalbo,8603646862,38759,Pune,131
Kathleen,Kathleen,Reedy,8515552230,42884,Mumbai,158
Christa,Christa,Gubler,9938498682,42492,Airoli,234
Kaitlyn,Kaitlyn,Cesena,8400008083,39971,Mumbai,299
Jose,Jose,Spencer,8199620166,40678,Mumbai,383
Sandy,Sandy,Paul,9928550824,33757,Mumbai,154
Agustin,Agustin,Crozier,9369848842,41939,Airoli,296
Wanda,Wanda,Furbush,9388785866,36368,Airoli,247
Jeffrey,Jeffrey,Inman,9827905045,39437,Pune,306
Blanch,Blanch,Ortiz,9728713210,40762,Airoli,205
Mable,Mable,Roman,9989330576,37365,Pune,451
Holly,Holly,Brennan,9223624300,33452,Mumbai,323
Jesse,Jesse,Taylor,9540752369,37191,Pune,309
Therese,Therese,Aberle,9829043611,41541,Mumbai,275
Megan,Megan,Harden,9211974476,36686,Mumbai,432
Bobbye,Bobbye,Johnson,8054273886,38822,Mumbai,192
Nichole,Nichole,Donahue,9378361187,43053,Pune,290
James,James,Bradford,8264045973,39802,Mumbai,231
