John,John,Fernandez,8907148685,37852,Mumbai,433
Glenda,Glenda,Miller,8265190676,40920,Vidyavihar,9844
Paul,Paul,Kelly,9150277130,35761,Mumbai,8821
Mario,Mario,Talley,8449902553,34926,Airoli,2900
Evelyn,Evelyn,Swank,9824929867,38476,Pune,1682
Belinda,Belinda,Holt,9967138932,40758,Pune,4827
Robert,Robert,Wilson,9308938780,37329,Mumbai,8453
Scott,Scott,Abbott,9894023261,37840,Pune,6920
Vincent,Vincent,Thomas,8496361185,39199,Pune,4418
Jane,Jane,Willems,9934248180,35710,Mumbai,3745
Cedric,Cedric,Garner,9673603548,35355,Vidyavihar,5178
Judith,Judith,Nix,9162428710,43276,Mumbai,6715
Raymond,Raymond,Ballard,8323252307,39805,Mumbai,3017
William,William,Pedraza,9394609709,40128,Mumbai,9064
Dominic,Dominic,Thames,8828922944,35435,Mumbai,7070
Sara,Sara,Flint,9723962850,37445,Airoli,3294
Leo,Leo,Thornton,8784844918,35407,Mumbai,5321
Juliette,Juliette,Reardon,9237456673,38322,Airoli,9988
Joshua,Joshua,Solis,9740801552,38491,Pune,5813
Sam,Sam,Roys,8389059819,41067,Pune,3127
Michael,Michael,Wallace,9657249216,34326,Airoli,2936
Ramon,Ramon,Reed,8142640635,38366,Mumbai,5157
Jacqueline,Jacqueline,Brooker,9026066770,35973,Airoli,860
Joseph,Joseph,Fuller,8570969378,40780,Airoli,1200
Armando,Armando,Lewis,8619527038,38836,Vidyavihar,7831
Patricia,Patricia,Barker,9113625697,36481,Airoli,3033
Shari,Shari,Ponce,9644881539,42786,Airoli,9743
Mark,Mark,Hunter,8490989834,39661,Mumbai,5226
Vivian,Vivian,Labrie,9585487539,40310,Airoli,5196
Lela,Lela,Buitron,9818965279,34956,Airoli,5088
Delisa,Delisa,Brogan,8984011213,43410,Vidyavihar,7511
Aline,Aline,Salmons,8774978438,36710,Mumbai,600
Debra,Debra,Collins,9353213892,35235,Airoli,6073
Lisa,Lisa,Mccright,9122386226,35172,Airoli,6778
Maryjane,Maryjane,Nardella,8022070137,41904,Mumbai,7152
Ashley,Ashley,Cooley,8856449129,34009,Airoli,4551
Rose,Rose,Mullins,8504846254,39601,Pune,7915
Hugh,Hugh,Blanco,8537064595,41773,Vidyavihar,5937
Victor,Victor,Brannon,9852649345,38085,Pune,995
Kenneth,Kenneth,Gagne,8336140085,34867,Vidyavihar,8705
Barbara,Barbara,Brodi,9161983084,40077,Airoli,1941
Timothy,Timothy,Simpkins,8622051987,40237,Pune,1530
Harvey,Harvey,Selby,9751139899,37955,Mumbai,3257
Helen,Helen,Pomroy,9020454305,39490,Mumbai,3340
Calvin,Calvin,White,8273471691,42089,Mumbai,3463
David,David,Snyder,8681759911,34913,Pune,8854
Rex,Rex,Seiber,8923803062,36791,Mumbai,4570
Kristin,Kristin,Matteson,8156672536,34636,Airoli,2923
Craig,Craig,Machado,9024573214,40785,Airoli,9694
Tamra,Tamra,Fowler,9877232894,38652,Vidyavihar,7352
Doris,Doris,Fenton,9008925463,38878,Mumbai,3882
Laura,Laura,Carter,8056960099,39381,Airoli,5496
Nichelle,Nichelle,Harvey,9328881131,39263,Mumbai,4112
Elwood,Elwood,Namm,9896121331,36922,Airoli,905
Heriberto,Heriberto,Kelly,8088633375,37979,Mumbai,5139
Shannon,Shannon,Haug,8625853601,38286,Pune,2180
Victoria,Victoria,Prisco,9008873233,38275,Mumbai,4999
Christina,Christina,Arce,8209960973,38342,Airoli,588
Boyd,Boyd,Shindle,8267817773,39884,Mumbai,4880
Bette,Bette,Arocho,8858443301,38999,Vidyavihar,1344
Suzanne,Suzanne,Edelstein,8022438652,38166,Mumbai,8289
Edward,Edward,Olivera,8933044379,41906,Airoli,8245
Janet,Janet,Manuel,8020638797,38728,Pune,5664
Aaron,Aaron,Glenn,9625138109,42734,Vidyavihar,9622
Annie,Annie,Zuckerman,8764926987,42801,Vidyavihar,9184
Claude,Claude,North,9991222480,38962,Mumbai,2493
Anna,Anna,Larson,8996056267,37348,Airoli,6952
Mary,Mary,Rotunda,8367040525,41099,Mumbai,6562
Kim,Kim,Maranda,9548172892,36503,Pune,1091
Mildred,Mildred,Harris,8149203421,41635,Airoli,8211
Kathleen,Kathleen,Smith,9407725395,39381,Mumbai,7174
Christa,Christa,Jones,9301286230,37325,Pune,4745
Kaitlyn,Kaitlyn,Rea,9392225393,35475,Pune,852
Jose,Jose,Sandoval,8307063976,37177,Pune,5444
Sandy,Sandy,Mazzariello,8976885662,34148,Pune,1319
Agustin,Agustin,Jones,8354918214,42930,Airoli,8384
Wanda,Wanda,Johnson,8809694790,39825,Pune,3819
Jeffrey,Jeffrey,Borelli,9578056912,35788,Pune,2564
Blanch,Blanch,Mitchell,9063253687,35602,Mumbai,3830
Mable,Mable,Martinez,8456633619,38334,Vidyavihar,9450
Holly,Holly,Colony,9923941313,40814,Pune,5234
Jesse,Jesse,Moore,8482456450,33989,Pune,9820
Therese,Therese,Mason,8562264066,42073,Pune,6721
Megan,Megan,Serrano,8300196356,41233,Mumbai,3528
Bobbye,Bobbye,Watson,9543641978,33950,Airoli,8691
Nichole,Nichole,Klein,8461912530,33913,Airoli,700
James,James,Peterson,8023461479,37290,Airoli,8063
